name,F_R,seq
HPV16-62-F,F,AGTATAAAAGCAGACATTTTMTG
HPV16-246-F,F,GGGATTTATGCATAGTATATAGAG
HPV16-467-F,F,AAGCAAAGATTCCATAATATAAGG
HPV16-905-F,F,GATGTAATGGATGGTTYTATGTAG
HPV16-1182-F,F,AGTCCTAGATTAAAAGCYATATG
HPV16-1452-F,F,CTAAAAACTAGTAATGCAAAGG
HPV16-1765-F,F,CTCCAATGTGTATGATGATAGAG
HPV16-2204-F,F,GTATCAAGGTGTAGASTTTATGTC
HPV16-2411-F,F,CAAAATAGGTATGTTAGATGATG
HPV16-2790-F,F,GGACAAAATACTAACACATTATG
HPV16-3004-F,F,AACTCACAATATAGTAATGAAAAG
HPV16-3367-F,F,GTATCCTCTSCTGAAATTATTAGG
HPV16-3615-F,F,CATAGTACATTTAAAAGGTGATG
HPV16-3912-F,F,TTTTGTGTGTCTGCCTATTAATAC
HPV16-4079-F,F,GCACGCTTYTTAATTACATAATG
HPV16-4368-F,F,TATTACAATATGGAAGTATGG
HPV16-4634-F,F,AGTATYATWACTTCAACTGATAC
HPV16-4969-F,F,TCCCACTAAACTTATTACATATG
HPV16-5303-F,F,TCACCHACTTCTATTAATAATGG
HPV16-5733-F,F,ATATATTATCATGCAGGAACATC
HPV16-6057-F,F,GTGGATAATAGAGAATGTATATC
HPV16-6298-F,F,CACTGGATATTTGTACRTCTATTTG
HPV16-6543-F,F,GATGCCCAAATATTYAATAAAC
HPV16-6811-F,F,ATTCTATGAATTCYACTATTTTG
HPV16-7160-F,F,GTATGTRTGTTGAMTYAGTGTTG
HPV16-7510-F,F,GCAACTATRGTTTAAACTTGTAC
HPV16-7703-F,F,CATATTTTWGGCTTGTTTTAAC
HPV16-196-R,R,CACACATTCTAATMTTATHTYATG
HPV16-422-R,R,GACAGTTAATACACCTAATYAAC
HPV16-639-R,R,CTCATAACAGTAGAGATCAGTTG
HPV16-995-R,R,GTATCACTGTCATTTTCGTTCTC
HPV16-1249-R,R,CTTTCAAATAATCTCCTTTTTG
HPV16-1547-R,R,ACTTTTAAATGGTCTTACTAATTC
HPV16-1902-R,R,GTAATACTGTTTGTCTTTGTATC
HPV16-2212-R,R,CCTTGATACCTTAAAAACATAAC
HPV16-2615-R,R,CACCAATCKATTATGTAAATAAG
HPV16-2861-R,R,ATKTGTTTCCAATAGTCTATATGG
HPV16-3227-R,R,TAYAWACCATAATAGTCAACTTG
HPV16-3388-R,R,TARTARTTTCAGSAGAGGATAC
HPV16-3780-R,R,TTGMCATTCACTATCATATGTAAG
HPV16-3999-R,R,ATCCACAATABTAATACCAATAK
HPV16-4309-R,R,TGCYTGTTTGCATGTTTTATAAAG
HPV16-4802-R,R,TACTAATAGTGGATGATGAAAG
HPV16-5283-R,R,WGTATATGTAGAAGGTGTTATAG
HPV16-5580-R,R,TGTAAATAAAAGTCACCTSCATC
HPV16-5846-R,R,GTATTGTAATCCTGATACTTTAG
HPV16-6251-R,R,AAAGCCRGTATSAACCATATCAC
HPV16-6519-R,R,GTGTAGGAAAATAATTTGAACTG
HPV16-6897-R,R,CAAACCTATAAGTATCTTCTAGTG
HPV16-7269-R,R,CRTGTTTATTATACCATACATAC
HPV16-7533-R,R,CGTACAAGTTTAAACYATAGTTG
HPV16-7793-R,R,GTATGAACTARGGTGRCATTTAG
